[
  {
    "Id": 0,
    "Name": "Potion",
    "Description": "Regenerate the life of creature",
    "Intensity": 10,
    "Type": 1,
    "Element": 0,
    "Rarity": 2,
    "Stackable": true,
    "Sprite": "Resources_Inventories/Items/potion-base"
  },
  {
    "Id": 1,
    "Name": "Meat",
    "Description": "Regenerate the bar of hunger",
    "Intensity": 10,
    "Type": 2,
    "Element": 0,
    "Rarity": 1,
    "Stackable": true,
    "Sprite": "Resources_Inventories/Items/food-base"
  },
  {
    "Id": 2,
    "Name": "Potion of Evolve",
    "Description": "This item is used for assign a evolution with the creature",
    "Intensity": 10,
    "Type": 3,
    "Element": 0,
    "Rarity": 3,
    "Stackable": false,
    "Sprite": "Resources_Inventories/Items/potion-evolve"
  },

  {
    "Id": 3,
    "Name": "Cerise",
    "Description": "Regenerate the bar of hunger",
    "Intensity": 10,
    "Type": 2,
    "Element": 0,
    "Rarity": 1,
    "Stackable": true,
    "Sprite": "Resources_Inventories/Items/cerise-base"
  },

  {
    "Id": 4,
    "Name": "Blue Chemical Element",
    "Description": "Can be use to craft potion",
    "Intensity": 10,
    "Type": 7,
    "Element": 0,
    "Rarity": 2,
    "Stackable": true,
    "Sprite": "Resources_Inventories/Items/blue-base"
  },

  {
    "Id": 5,
    "Name": "Pink Chemical Element",
    "Description": "Can be use to craft potion",
    "Intensity": 10,
    "Type": 8,
    "Element": 0,
    "Rarity": 2,
    "Stackable": true,
    "Sprite": "Resources_Inventories/Items/pink-base"
  },

  {
    "Id": 6,
    "Name": "Orange Chemical Element",
    "Description": "Can be use to craft potion",
    "Intensity": 10,
    "Type": 9,
    "Element": 0,
    "Rarity": 2,
    "Stackable": true,
    "Sprite": "Resources_Inventories/Items/orange-base"
  }
]